﻿{"ous":[{"Properties":{"highvalue":false,"name":"DOMAIN CONTROLLERS@OBJECT.LOCAL","domain":"OBJECT.LOCAL","objectid":"A66B3A78-610A-4958-8E3D-AE5AFBCAC112","distinguishedname":"OU=Domain Controllers,DC=object,DC=local","description":"Default container for domain controllers","blocksinheritance":false},"Links":[{"IsEnforced":false,"Guid":"864446FE-2A14-4BCD-82E6-22D90832024E"}],"ACLProtected":false,"Users":[],"Computers":["S-1-5-21-4088429403-1159899800-2753317549-1000"],"ChildOus":[],"RemoteDesktopUsers":[],"LocalAdmins":[],"DcomUsers":[],"PSRemoteUsers":[],"ObjectIdentifier":"A66B3A78-610A-4958-8E3D-AE5AFBCAC112","Aces":[{"PrincipalSID":"S-1-5-21-4088429403-1159899800-2753317549-512","PrincipalType":"Group","RightName":"Owner","AceType":"","IsInherited":false},{"PrincipalSID":"S-1-5-21-4088429403-1159899800-2753317549-512","PrincipalType":"Group","RightName":"WriteDacl","AceType":"","IsInherited":false},{"PrincipalSID":"S-1-5-21-4088429403-1159899800-2753317549-512","PrincipalType":"Group","RightName":"WriteOwner","AceType":"","IsInherited":false},{"PrincipalSID":"S-1-5-21-4088429403-1159899800-2753317549-519","PrincipalType":"Group","RightName":"GenericAll","AceType":"","IsInherited":true},{"PrincipalSID":"OBJECT.LOCAL-S-1-5-32-544","PrincipalType":"Group","RightName":"WriteDacl","AceType":"","IsInherited":true},{"PrincipalSID":"OBJECT.LOCAL-S-1-5-32-544","PrincipalType":"Group","RightName":"WriteOwner","AceType":"","IsInherited":true}]}],"meta":{"count":1,"type":"ous","version":3}}