﻿{"domains":[{"Properties":{"highvalue":true,"name":"OBJECT.LOCAL","domain":"OBJECT.LOCAL","objectid":"S-1-5-21-4088429403-1159899800-2753317549","distinguishedname":"DC=object,DC=local","description":null,"functionallevel":"2016"},"Users":["S-1-5-21-4088429403-1159899800-2753317549-500","S-1-5-21-4088429403-1159899800-2753317549-501","S-1-5-21-4088429403-1159899800-2753317549-502","S-1-5-21-4088429403-1159899800-2753317549-1103","S-1-5-21-4088429403-1159899800-2753317549-1104","S-1-5-21-4088429403-1159899800-2753317549-1106"],"Computers":[],"ChildOus":["A66B3A78-610A-4958-8E3D-AE5AFBCAC112"],"Trusts":[],"Links":[{"IsEnforced":false,"Guid":"8DBA4CCE-62DE-4EBB-BCDE-93845D21364D"}],"RemoteDesktopUsers":[],"LocalAdmins":[],"DcomUsers":[],"PSRemoteUsers":[],"ObjectIdentifier":"S-1-5-21-4088429403-1159899800-2753317549","Aces":[{"PrincipalSID":"OBJECT.LOCAL-S-1-5-32-544","PrincipalType":"Group","RightName":"Owner","AceType":"","IsInherited":false},{"PrincipalSID":"OBJECT.LOCAL-S-1-5-32-544","PrincipalType":"Group","RightName":"WriteDacl","AceType":"","IsInherited":false},{"PrincipalSID":"OBJECT.LOCAL-S-1-5-32-544","PrincipalType":"Group","RightName":"WriteOwner","AceType":"","IsInherited":false},{"PrincipalSID":"OBJECT.LOCAL-S-1-5-32-544","PrincipalType":"Group","RightName":"ExtendedRight","AceType":"All","IsInherited":false},{"PrincipalSID":"S-1-5-21-4088429403-1159899800-2753317549-512","PrincipalType":"Group","RightName":"WriteDacl","AceType":"","IsInherited":false},{"PrincipalSID":"S-1-5-21-4088429403-1159899800-2753317549-512","PrincipalType":"Group","RightName":"WriteOwner","AceType":"","IsInherited":false},{"PrincipalSID":"S-1-5-21-4088429403-1159899800-2753317549-512","PrincipalType":"Group","RightName":"ExtendedRight","AceType":"All","IsInherited":false},{"PrincipalSID":"S-1-5-21-4088429403-1159899800-2753317549-519","PrincipalType":"Group","RightName":"GenericAll","AceType":"","IsInherited":false},{"PrincipalSID":"OBJECT.LOCAL-S-1-5-9","PrincipalType":"Group","RightName":"ExtendedRight","AceType":"GetChanges","IsInherited":false},{"PrincipalSID":"OBJECT.LOCAL-S-1-5-32-544","PrincipalType":"Group","RightName":"ExtendedRight","AceType":"GetChangesAll","IsInherited":false},{"PrincipalSID":"OBJECT.LOCAL-S-1-5-32-544","PrincipalType":"Group","RightName":"ExtendedRight","AceType":"GetChanges","IsInherited":false},{"PrincipalSID":"S-1-5-21-4088429403-1159899800-2753317549-498","PrincipalType":"Group","RightName":"ExtendedRight","AceType":"GetChanges","IsInherited":false},{"PrincipalSID":"S-1-5-21-4088429403-1159899800-2753317549-516","PrincipalType":"Group","RightName":"ExtendedRight","AceType":"GetChangesAll","IsInherited":false}]}],"meta":{"count":1,"type":"domains","version":3}}