﻿{"computers":[{"Properties":{"haslaps":false,"highvalue":false,"name":"JENKINS.OBJECT.LOCAL","domain":"OBJECT.LOCAL","objectid":"S-1-5-21-4088429403-1159899800-2753317549-1000","distinguishedname":"CN=JENKINS,OU=Domain Controllers,DC=object,DC=local","description":null,"enabled":true,"unconstraineddelegation":true,"serviceprincipalnames":["ldap/JENKINS/ForestDnsZones.object.local","ldap/jenkins.object.local/ForestDnsZones.object.local","ldap/WIN-LR8T2EF8VHM/ForestDnsZones.object.local","ldap/WIN-LR8T2EF8VHM/DomainDnsZones.object.local","ldap/JENKINS/DomainDnsZones.object.local","ldap/jenkins.object.local/DomainDnsZones.object.local","Dfsr-12F9A27C-BF97-4787-9364-D31B6C55EB04/jenkins.object.local","HOST/WIN-LR8T2EF8VHM/object.local","ldap/WIN-LR8T2EF8VHM/OBJECT","GC/JENKINS/object.local","HOST/WIN-LR8T2EF8VHM/OBJECT","ldap/WIN-LR8T2EF8VHM/object.local","GC/WIN-LR8T2EF8VHM/object.local","ldap/JENKINS/object.local","HOST/JENKINS/object.local","RestrictedKrbHost/WIN-LR8T2EF8VHM","HOST/WIN-LR8T2EF8VHM","ldap/WIN-LR8T2EF8VHM","HOST/JENKINS/OBJECT","ldap/JENKINS/OBJECT","DNS/jenkins.object.local","GC/jenkins.object.local/object.local","RestrictedKrbHost/jenkins.object.local","RestrictedKrbHost/JENKINS","HOST/jenkins.object.local/OBJECT","HOST/JENKINS","HOST/jenkins.object.local","HOST/jenkins.object.local/object.local","ldap/jenkins.object.local/OBJECT","ldap/JENKINS","ldap/jenkins.object.local","ldap/jenkins.object.local/object.local","RPC/20620d5f-c8cd-4abd-9c82-2287112869e8._msdcs.object.local","E3514235-4B06-11D1-AB04-00C04FC2DCD2/20620d5f-c8cd-4abd-9c82-2287112869e8/object.local","ldap/20620d5f-c8cd-4abd-9c82-2287112869e8._msdcs.object.local"],"lastlogontimestamp":1694793981,"pwdlastset":1694793970,"operatingsystem":"Windows Server 2019 Standard"},"AllowedToDelegate":[],"AllowedToAct":[],"PrimaryGroupSid":"S-1-5-21-4088429403-1159899800-2753317549-516","Sessions":[{"UserId":"S-1-5-21-4088429403-1159899800-2753317549-1103","ComputerId":"S-1-5-21-4088429403-1159899800-2753317549-1000"},{"UserId":"S-1-5-21-4088429403-1159899800-2753317549-1106","ComputerId":"S-1-5-21-4088429403-1159899800-2753317549-1000"},{"UserId":"S-1-5-21-4088429403-1159899800-2753317549-500","ComputerId":"S-1-5-21-4088429403-1159899800-2753317549-1000"}],"LocalAdmins":[{"MemberId":"S-1-5-21-4088429403-1159899800-2753317549-500","MemberType":"User"},{"MemberId":"S-1-5-21-4088429403-1159899800-2753317549-519","MemberType":"Group"},{"MemberId":"S-1-5-21-4088429403-1159899800-2753317549-512","MemberType":"Group"}],"RemoteDesktopUsers":[],"DcomUsers":[],"PSRemoteUsers":[{"MemberId":"S-1-5-21-4088429403-1159899800-2753317549-1103","MemberType":"User"},{"MemberId":"S-1-5-21-4088429403-1159899800-2753317549-1104","MemberType":"User"},{"MemberId":"S-1-5-21-4088429403-1159899800-2753317549-1106","MemberType":"User"}],"ObjectIdentifier":"S-1-5-21-4088429403-1159899800-2753317549-1000","Aces":[{"PrincipalSID":"S-1-5-21-4088429403-1159899800-2753317549-512","PrincipalType":"Group","RightName":"Owner","AceType":"","IsInherited":false},{"PrincipalSID":"S-1-5-21-4088429403-1159899800-2753317549-512","PrincipalType":"Group","RightName":"GenericAll","AceType":"","IsInherited":false},{"PrincipalSID":"S-1-5-21-4088429403-1159899800-2753317549-519","PrincipalType":"Group","RightName":"GenericAll","AceType":"","IsInherited":true},{"PrincipalSID":"OBJECT.LOCAL-S-1-5-32-544","PrincipalType":"Group","RightName":"WriteDacl","AceType":"","IsInherited":true},{"PrincipalSID":"OBJECT.LOCAL-S-1-5-32-544","PrincipalType":"Group","RightName":"WriteOwner","AceType":"","IsInherited":true},{"PrincipalSID":"OBJECT.LOCAL-S-1-5-32-544","PrincipalType":"Group","RightName":"GenericWrite","AceType":"","IsInherited":true}]}],"meta":{"count":1,"type":"computers","version":3}}